id,year,title,reviews_count,wish_count,collect_count,tags,pubdates,languages,durations,genres,countries,summary,aka,castsid,castsname,directorsid,directorsname,writersid,writersname
1292001,1998,海上钢琴师,5667,288030,1374932,"['经典', '海上钢琴师', '音乐', '人生', '钢琴', '意大利', '剧情', '意大利电影', '文艺', '信念']","['1998-10-28(意大利)', '2019-11-15(中国大陆)']","['英语', '法语', '意大利语']","['165分钟', '120分钟(法国版)', '169分钟(加长版)', '125分钟(中国大陆)']","['剧情', '音乐']",['意大利'],"本片讲述了一个钢琴天才传奇的一生。
1900年，Virginian号豪华邮轮上，一个孤儿被遗弃在头等舱，由船上的水手抚养长大，取名1900（蒂姆•罗斯 饰）。1900慢慢长大，显示出了无师自通的非凡钢琴天赋，在船上的乐队表演钢琴，每个听过他演奏的人，都被深深打动。爵士 乐鼻祖杰尼听说了1900的高超技艺，专门上船和他比赛，最后自叹弗如，黯然离去。
可惜，这一切的事情都发生在海上，1900从来不愿踏上陆地，直到有一天，他爱上了一个女孩，情愫在琴键上流淌。他会不会为了爱情，踏上陆地开始新的生活，用他的琴声惊艳世界？他将怎样谱写自己非凡的人生。©豆瓣","['声光伴我飞(港)', '一九零零的传奇', '1900海上钢琴师', '传奇1900', 'The Legend of 1900', 'The Legend Of The Pianist On The Ocean']","['1025176', '1010659', '1027407', '1161241', '1018983', '1005822', '1018983']","['蒂姆·罗斯', '普路特·泰勒·文斯', '比尔·努恩', '克兰伦斯·威廉姆斯三世']","['1025176', '1010659', '1027407', '1161241', '1018983', '1005822', '1018983']",['朱塞佩·托纳多雷'],"['1025176', '1010659', '1027407', '1161241', '1018983', '1005822', '1018983']","['亚利桑德罗·巴里克', '朱塞佩·托纳多雷']"
30272143,2018,盗梦特攻队,105,76963,28287,"['动画', '艺术', '黑色幽默', '匈牙利', '犯罪', '剧情', '黑色', '2018', '悬疑', '文艺']","['2018-08-09(洛迦诺电影节)', '2018-11-15(匈牙利)', '2019-11-15(中国大陆)']","['英语', '匈牙利语']",['94分钟'],"['犯罪', '动画']",['匈牙利'],心理治疗师鲁本的梦境饱受“妖魔化”的名画侵扰，蒙娜丽莎、维纳斯全都成了骇人的噩梦怪物;若想一觉好眠，唯一的办法是偷走所有入侵他梦里的名画。为帮助鲁本脱离梦魇，他与四名身怀绝技的病人联手组团偷遍罗浮宫、泰特现代艺术馆等各大美术馆一场飞天遁地、瞒天过海的疯狂盗窃计划也就此展开...,"['盗画梦惊魂(港)', '收藏家鲁本·勃兰特', '鲁本·勃兰特，一个收藏家', '收藏家', 'Ruben Brandt, Collector']","['1112913', '1042077', '1256301', '1414961', '1414959', '1414959', '1414960']","['伊万·卡马拉斯', '加布里瑞拉·哈默里', '佐兰·马克兰兹', '乔鲍·马顿']","['1112913', '1042077', '1256301', '1414961', '1414959', '1414959', '1414960']",['米洛拉德·科斯蒂奇'],"['1112913', '1042077', '1256301', '1414961', '1414959', '1414959', '1414960']","['米洛拉德·科斯蒂奇', '拉德米拉‧罗兹科夫']"
26612258,2019,霹雳娇娃,5,12015,135,"['动作', '女性', '美国', '2019', '喜剧', '犯罪', '冒险', '特工', '美女', '剧情']","['2019-11-15(美国)', '2019-11-15(中国大陆)']",['英语'],['119分钟'],"['动作', '冒险']",['美国'],讲述了新一代火辣美女天使克里斯汀·斯图尔特、娜奥米·斯科特、埃拉·巴林斯卡霸气组队强势打击危险势力的故事。本片由好莱坞实力派导演及演员伊丽莎白·班克斯执导，高空跳伞、狂野飙车、拳脚肉搏、激燃枪战等惊险动作场面接连不断，肾上腺素飙升。三大天使特工技能高超，大玩变身诱惑上演温柔杀机。,"['查理的天使', '新霹雳娇娃', '霹雳天使']","['1012533', '1325313', '1398695', '1004571', '1004571', '1004571', '1298164', '1332597']","['克里斯汀·斯图尔特', '娜奥米·斯科特', '埃拉·巴林斯卡', '伊丽莎白·班克斯']","['1012533', '1325313', '1398695', '1004571', '1004571', '1004571', '1298164', '1332597']",['伊丽莎白·班克斯'],"['1012533', '1325313', '1398695', '1004571', '1004571', '1004571', '1298164', '1332597']","['伊丽莎白·班克斯', '埃文·斯彼里奥托普洛斯', '大卫·奥伯恩']"
25747204,2019,长安道,60,11522,1436,"['悬疑', '范伟', '焦俊艳', '陈数', '国产', '盗墓', '小说改编', '宋洋', '2019', '中国']",['2019-11-15(中国大陆)'],['汉语普通话'],['113分钟'],"['剧情', '犯罪', '悬疑']",['中国大陆'],"为破获一起大型国宝失窃案，身为刑警的赵红雨（焦俊艳饰），为了调查亲生父亲万正纲（范伟饰）的现任妻子林白玉（陈数饰），在搭档邵宽城（宋洋饰）的掩护之下，到其身边卧底。就在案件得以水落石出之时，这批国家宝藏竟在警察的严密监控下不翼而飞，林白玉也突然失踪……
身为历史学教授的万正纲遭到警察怀疑，作为女儿的赵红雨决心找父亲探询真相，却不料陷入一场更大的危机。是夫妻反目成仇引发的悲剧？还是父女冰释前嫌时突遇袭击？在邵宽城的调查下，随着真相浮出水面的，是一场真正关于人性的博弈……",['长安盗'],"['1051526', '1316200', '1312818', '1274346', '1320190', '1320190', '1325321', '1275265']","['范伟', '宋洋', '焦俊艳', '陈数']","['1051526', '1316200', '1312818', '1274346', '1320190', '1320190', '1325321', '1275265']",['李骏'],"['1051526', '1316200', '1312818', '1274346', '1320190', '1320190', '1325321', '1275265']","['李骏', '丁小洋', '海岩']"
34142992,2019,那一夜，我给你开过车,4,10167,170,"['剧情', '社会', '中国电影', '中国', '2019', '上海国际电影节', '大陆', '田雨', '华语', '国影']","['2019-06-18(上海电影节)', '2019-11-15(中国大陆)']",['汉语普通话'],['110分钟'],['剧情'],['中国大陆'],该片通过一个代驾司机李渤的眼睛，展现人生百态，社会热点，虽然故事发生在夜晚，只是一段或长或短的车程，却让代驾司机李渤一次次生出念头，相对醉倒在眼前或哭或笑的人说一句，你这样做，不会后悔吗…………,['Driving for You All Night'],"['1316331', '1274978', '1316739', '1274288', '1417829', '1322715']","['田雨', '左小青', '种丹妮', '刘金山']","['1316331', '1274978', '1316739', '1274288', '1417829', '1322715']",['林晓丽'],"['1316331', '1274978', '1316739', '1274288', '1417829', '1322715']",['柳桦']
30300105,2018,麦子的盖头,7,8994,584,"['中国', '情感', '中国电影', '人性', '中国大陆', '女性', '乡村', '社会', '悬疑', '最佳评分']","['2018-08(蒙特利尔电影节)', '2018-12-13(海南岛电影节)', '2019-11-15(中国大陆)']",['汉语普通话'],['112分钟'],"['剧情', '悬疑']",['中国大陆'],麦子的丈夫马豆根在煤矿事故中受了伤，完全瘫痪不能治愈，由此引发出麦子跟马豆根和矿主老于之间充满悬疑色彩的一场人性较量，麦子用她的坚贞和执着发现了美丽谎言背后的真相，她对未来的生活也不知会做出怎样的选择。,['The Commitment'],"['1342926', '1314471', '1040928', '1317859', '1318442', '1318442', None]","['徐岑子', '王挺', '刘孜', '彭波']","['1342926', '1314471', '1040928', '1317859', '1318442', '1318442', None]",['鲁坚'],"['1342926', '1314471', '1040928', '1317859', '1318442', '1318442', None]","['鲁坚', '何甜园']"
30362186,2019,大约在冬季,66,7977,1498,"['爱情', '青春', '回忆', '文艺', '剧情', '中国大陆', '2019', '想看华哥', '人生', '初恋']",['2019-11-15(中国大陆)'],['汉语普通话'],[],"['剧情', '爱情']",['中国大陆'],1991年齐秦狂飙演唱会上，北师大才女安然（马思纯 饰）和来自台北的摄影师齐啸（霍建华 饰）因缘相识，曲终人散后再度重逢的二人陷入热恋，然而不是勇敢就一定能拥有爱，不是所有再见都能再见！在漂泊岁月中，弄丢了挚爱的我们，是否还能安然无恙？没有我的日子里，你是否能保重自己？2019年，齐啸和安然能否重逢？,['Somewhere Winter'],"['1275243', '1015713', '1314064', '1318734', '1337475', '1341923']","['马思纯', '霍建华', '魏大勋', '张瑶']","['1275243', '1015713', '1314064', '1318734', '1337475', '1341923']",['王维明'],"['1275243', '1015713', '1314064', '1318734', '1337475', '1341923']",['饶雪漫']
30247400,2018,萌宠特工队,2,1895,83,"['动画', '德国', '大橘猫', '2019', '比利时', '搞笑', '美国', '喜剧']","['2018-10-25(葡萄牙)', '2019-11-15(中国大陆)']","['德语', '英语']",['93分钟'],"['动画', '冒险', '家庭']","['德国', '比利时']",小镇盗窃案频频发生，一只梦想成为大侦探的猫咪为了找出真凶决定离家出走。旅途中的她遇到了一只自认风度翩翩的公鸡，一只梦想成为马戏团明星的驴，一只仇恨人类的守门狗。四只小动物历经磨合，即将找出真凶时，却被误认为是偷窃真凶。他们该如何证明清白，如何守护友谊和梦想……,"['呆萌特务(台)', 'Marnie’s World']","['1005100', '1000864', '1034454', '1035034', '1034454', '1035034', '1321948']","['亚历桑德娜·内尔德尔', '阿克西尔·普拉尔']","['1005100', '1000864', '1034454', '1035034', '1034454', '1035034', '1321948']","['克里斯托弗·劳恩斯坦', '沃尔夫冈·劳恩斯坦']","['1005100', '1000864', '1034454', '1035034', '1034454', '1035034', '1321948']","['克里斯托弗·劳恩斯坦', '沃尔夫冈·劳恩斯坦', '耶斯伯·穆勒']"
27000741,2019,摇滚吧！老爸,0,54,5,"['音乐', '音乐人']",['2019-11-15(中国大陆)'],['汉语普通话'],['94分钟'],"['剧情', '儿童', '音乐']",['中国大陆'],电影为一部公路亲子喜剧，秦勇饰演一位摇滚歌手黑梦，在事业最辉煌的时候与影视明星王心语结婚并有了女儿兜兜，原本生活可以一直幸福下去，他却因为沉迷音乐加上性格古怪使得妻子带着女儿离他而去。离婚后的黑梦在经历了被封杀、被公司解约的多重打击下跌入人生低谷，后在经纪人和女儿的帮助下开始了一段云南自驾采风之旅，最终他重回舞台创造奇迹，也收获了亲情、爱情和友情。,"['摇滚吧，老爸', '摇滚老爸', 'Rock Papa']","['1358664', '1318999', '1403103', '1426016', None, None, None, None]","['秦勇', '田娃', '贾舒涵', '王尔娅']","['1358664', '1318999', '1403103', '1426016', None, None, None, None]","['王将左隆', '陈秋竹']","['1358664', '1318999', '1403103', '1426016', None, None, None, None]","['陈秋竹', '王将左隆']"
34865278,2019,一个秘密,0,27,2,[],['2019-11-15(中国大陆)'],['汉语普通话'],['97分钟'],['剧情'],['中国大陆'],一次意外，小包里东西成为秘密，老实巴交的出租司机王大明和重病缠身的妻子周春梅艰难痛苦地守着这个秘密整整十年，直到他们唯一的儿子王诚考上了大学……,['A Secret'],"['1352673', '1407798', '1424735', '1407476', '1424734', None]","['高玉林', '贺彤雨', '刘武搏', '胡昌霖']","['1352673', '1407798', '1424735', '1407476', '1424734', None]",['罗小华'],"['1352673', '1407798', '1424735', '1407476', '1424734', None]",['罗小华']
34869975,2019,一车四仆,0,118,6,"['王自健', '喜剧', '中国电影']",['2019-11-16(中国大陆)'],['汉语普通话'],['94分钟'],['喜剧'],['中国大陆'],四个本来职业、性别、追求、性格完全不同的陌生人，聚在一起，因为一个共同需求，面临一个共同的尴尬，经历一个共同的辉煌，明白一个共同的道理。,['One Car Four Servants'],"['1326390', '1043040', '1315027', '1316611', '1339302', '1339302']","['王自健', '胡杏儿', '袁成杰', '钟夫翔']","['1326390', '1043040', '1315027', '1316611', '1339302', '1339302']",['殷国君'],"['1326390', '1043040', '1315027', '1316611', '1339302', '1339302']",['殷国君']
27591314,2019,薪火相传,0,24,5,[],['2019-11-16(中国大陆)'],['汉语普通话'],['90分钟'],"['传记', '历史']",['中国大陆'],由淮安市水利控股集团全资子公司江苏楚云文化传播有限公司联合八一电影制片厂拍摄的影片《薪火相传》正式开机。全军军史编审委员会首席军史专家肖裕声少将，市委常委、宣传部部长周毅，周总理侄子周秉和，周总理特型演员刘劲等出席开机仪式。,"['童年周恩来', 'Passing the Torch']","['1314473', None, None, None, '1382826', None, '1382826']","['刘劲', '海波', '刘柏熙', '魏冠男']","['1314473', None, None, None, '1382826', None, '1382826']",['王鼎'],"['1314473', None, None, None, '1382826', None, '1382826']","['代启财', '王鼎']"
33437294,2019,我在原地等你,4,400,47,"['江南美学', '吴青峰作曲演唱', '文艺', '家园', '电影', '海归', '大陆', '浙江', '中国电影', '2019']",['2019-11-18(中国大陆)'],['汉语普通话'],['106分钟'],['剧情'],['中国大陆'],故事讲述海外华裔青年，罹患严重的现代都市病，沉重疲惫不堪。在故乡的绿水青山中，边行走边思考生活的意义，寻找到每个人血脉里真彻的情感，寻找到真正的属于内心的家园。,['Right Here Waiting For You'],"['1319361', None, None, '1420047', '1353426', None]","['邬立朋', '冯家慧', '王子部', '玮菱']","['1319361', None, None, '1420047', '1353426', None]",['沈朝方'],"['1319361', None, None, '1420047', '1353426', None]",['苇子']
33447419,2019,红色土司,1,8,4,['史诗'],['2019-11-18(中国大陆)'],"['汉语普通话', '四川话', '羌语']",['95分钟'],"['剧情', '历史', '战争']",['中国大陆'],1933年，青藏高原东部小镇叠溪发生大地震。呷竹世袭土司安登榜（游大庆饰）带头抗灾自救……而国民松潘政府官员反以“抵御赤匪”等各种名目强征捐税，强抽民夫。引起安登榜为代表的番民强烈不满。为了当地番民的利益，安登榜带头抗捐抗税，甚至率众劫了法场。在外出北川“避祸”途中安登榜与追捕的川军激战受伤，生死关头巧遇红军……在红军政策的感召下，安登榜成立番民游击队毅然率众参加红军，为红军北上筹粮，带路……成为“中国近代史上第一个率众参加革命的少数民族领袖人物”。,[],"['1319515', '1327727', '1308818', '1314024', '1353256', '1414018']","['游大庆', '德姬', '多布杰', '赵亮']","['1319515', '1327727', '1308818', '1314024', '1353256', '1414018']",['艺兮'],"['1319515', '1327727', '1308818', '1314024', '1353256', '1414018']",['姜华']
26627701,2019,火红青春,0,49,7,"['内地', '你', '中国电影']",['2019-11-19(中国大陆)'],['汉语普通话'],['86分钟'],['剧情'],['中国大陆'],鲁小川是安徽省黄山市的一名消防班班长，消防员的职责就是在警铃响起后马上前往各个危险的火灾现场去拯救受困的人。除此之外，鲁小川还经常捐助贫困山区的孩子，给他们带去资助并且为他们普及消防知识。然而鲁小川的家里却十分拮据，妻子何莉怀孕，母亲也需要养老治疗的费用。但是鲁小川的家人依然以他为骄傲，家人的支柱成为了他生活事业上的坚实后盾。出过上百次的险情的鲁小川，不幸在一次救援两名迷途大学生驴友的过程中从山崖跌落，昏迷不醒。消防队副队长孙周扬接过鲁小川的信念继续前行......,['Flaming Youth'],"['1325613', '1348403', None, '1345383', None, None, None]","['隋存毅', '郑媛元', '吴昊']","['1325613', '1348403', None, '1345383', None, None, None]",['程东海'],"['1325613', '1348403', None, '1345383', None, None, None]","['巩尊建', '王斌', '屈江']"
34879766,2019,公主裙,0,16,1,[],['2019-11-19(中国大陆)'],['汉语普通话'],['91分钟'],['剧情'],['中国大陆'],外婆的突然离世，让从小跟着外婆长大的茉茉没能见到外婆最后一面，因此而遗憾难过。而此时，父母承包的养鸭场又遭遇禽流感的危机，家庭陷入了穷困之中。她听说穿上“公主裙”就能再次见到外婆，为了弥补心中的遗憾，得到梦寐以求的“公主裙”，多次向父母提出想买一件“公主裙”。而此时，家庭的重担给父母带来的前所未有的压力。妈妈不仅没有给她买，反而批评了她们。于是，她们想利用暑假在鸭场帮忙自己赚钱买“公主裙”。经过一个暑假的努力，她们完成了自己的梦想，同时感受了生活的无奈与父母的艰辛，在一家人的努力下度过了难关。,['Princess Dress'],"['1414786', '1336959']",['赵晟魁'],"['1414786', '1336959']",['赵淑彬'],"['1414786', '1336959']",[]
25887288,2019,冰雪奇缘2,7,47449,596,"['迪士尼', '动画', '美国', '2019', '童话', '奇幻', '魔幻', '冒险', '女性', '成长']","['2019-11-22(美国)', '2019-11-22(中国大陆)']",['英语'],['104分钟'],"['喜剧', '动画', '冒险']",['美国'],2月14日，迪士尼正式公布了《冰雪奇缘2》的首支预告片，在片中艾莎、安娜、克里斯托夫、雪宝等主角悉数出镜，该片将会于今年11月22日在北美上映。,['Frozen 2'],"['1031240', '1116746', '1305235', '1000002', '1279552', '1335174', '1335174', '1365304']","['克里斯汀·贝尔', '伊迪娜·门泽尔', '乔什·加德', '乔纳森·格罗夫']","['1031240', '1116746', '1305235', '1000002', '1279552', '1335174', '1335174', '1365304']","['克里斯·巴克', '珍妮弗·李']","['1031240', '1116746', '1305235', '1000002', '1279552', '1335174', '1335174', '1365304']","['珍妮弗·李', '艾莉森·施罗德']"
30390144,2019,别告诉她,85,33156,8981,"['家庭', '美国', '中国', '2019', '剧情', '喜剧', '独立', '圣丹斯电影节', '美国电影', '电影']","['2019-01-25(圣丹斯电影节)', '2019-07-12(美国)', '2019-11-22(中国大陆)']","['英语', '汉语普通话', '日语']",['98分钟'],"['剧情', '家庭']",['美国'],影片讲述一个华人家庭的奶奶被诊断罹癌，但家人选择隐瞒奶奶，假借一场婚礼的名义让所有家人回家见奶奶最后一面，但在纽约长大的碧莉（奥卡菲娜饰演）认为知道自己病况是奶奶的人权，因此在华人家庭中上演一场中西文化冲突，一部寻根家庭喜剧。故事改编自华裔女导演王子逸自己的家庭故事，她也因本片被《综艺》杂志评选2019年必关注导演之一。,"['别对她说', '不要告诉她', '告别婚礼']","['1360857', '1321381', '1369688', '1334339', '1409871', '1409871']","['奥卡菲娜', '马志', '林晓杰', '赵淑珍']","['1360857', '1321381', '1369688', '1334339', '1409871', '1409871']",['王子逸'],"['1360857', '1321381', '1369688', '1334339', '1409871', '1409871']",['王子逸']
26061679,2017,触不可及(美版),26,24241,32460,"['治愈', '温情', '美国', '喜剧', '人性', '温馨', '剧情', '经典', '真实事件改编', '翻拍']","['2017-09-08(多伦多电影节)', '2019-01-11(美国)', '2019-11-22(中国大陆)']",['英语'],['126分钟'],"['剧情', '喜剧']",['美国'],"翻拍⾃2011年叫好叫座的法国电影《触不可及》（Untouchable），凯⽂·哈特、布莱恩·科兰斯顿、妮可·基德曼主演，科兰斯顿和哈特分饰瘫痪的⽩⼈富商Phillip和来⾃街头的⿊⼈男⼦Dell，Dell因为有犯罪前科找不到⼯作，阴差
阳错来照顾Phillip，背景天差地别的两⼈经历了嘀笑皆⾮的⼀系列事件后成了令⼈动容的莫逆之交。","['美版触不可及', '闪亮人生(港)', '活个精彩(台)', '上行', '上升', 'Untouchable']","['1286162', '1031807', '1054442', '1325569', '1303891', '1408857', '1010884', '1001404']","['凯文·哈特', '布莱恩·科兰斯顿', '妮可·基德曼', '阿雅·娜奥米·金']","['1286162', '1031807', '1054442', '1325569', '1303891', '1408857', '1010884', '1001404']",['尼尔·博格'],"['1286162', '1031807', '1054442', '1325569', '1303891', '1408857', '1010884', '1001404']","['乔恩·哈特米尔', '埃里克·托莱达诺', '奥利维埃·纳卡什']"
26762744,2019,你是凶手,0,5683,58,"['王千源', '悬疑', '犯罪', '宋佳', '冯远征', '中国电影', '中国', '大陆', '剧情', '电影']",['2019-11-22(中国大陆)'],['汉语普通话'],['94分钟'],"['剧情', '犯罪', '悬疑']",['中国大陆'],10年前，白兰（宋佳 饰）女儿铃铛被绑架并意外身亡，重案组警官陈浩（王千源 饰）许诺孩子母亲一定将凶手绳之以法。无奈经过漫长的追查却一无所获，陈浩带着遗憾离开警队。10年后，陈浩偶然间发现新线索，身患绝症的白兰重拾希望，决心为女寻凶，两人展开调查并发现了罪犯留下的蛛丝马迹。与此同时，李爱军（冯远征 饰）外孙女也遭人绑架，绑架手法跟10年前如出一辙，面对狡猾的嫌犯，陈浩和白兰能否抓到凶手，一偿夙愿…,"['迷局英雄', 'The Guilty Ones', 'The Convicted']","['1314827', '1042341', '1043136', '1330992', '1300412', '1357485']","['王千源', '宋佳', '冯远征', '李九霄']","['1314827', '1042341', '1043136', '1330992', '1300412', '1357485']",['王昱'],"['1314827', '1042341', '1043136', '1330992', '1300412', '1357485']",['杜语']
26974334,2019,追凶十九年,19,3222,720,"['犯罪', '悬疑', '连环犯罪', '中国大陆', '中国电影', '王泷正', '剧情', '大陆', '国产电影', '2019']","['2019-10-14(平遥电影节)', '2019-11-22(中国大陆)']",['汉语普通话'],['105分钟'],"['剧情', '犯罪', '悬疑']",['中国大陆'],1999 年始的数年内，一向安宁平静的弘州市先后发生多起针对年轻女性的强奸命案，受害者的皮肤均遭凶手割下奇异的血雏菊形状。负责侦破这场惊天连环凶杀案件的重任，则交到了警察刘一波，和搭档何晨的肩上。而这场斗智斗勇的追凶之旅，一追就是十九年……,"['不可杀戮', 'Bloody Daisy']","['1328201', '1313368', '1276144', '1359681', '1353086', '1353086', '1341082']","['王泷正', '宋宁峰', '黄璐', '国永振']","['1328201', '1313368', '1276144', '1359681', '1353086', '1353086', '1341082']",['徐翔云'],"['1328201', '1313368', '1276144', '1359681', '1353086', '1353086', '1341082']","['徐翔云', '刘雅']"
27046645,2018,雷米奇遇记,2,3168,342,"['剧情', '法国', '儿童片', '名著', '巴黎', '普罗旺斯', '2018', '无字幕', '苦儿流浪记', '法国电影']","['2018-09-30(首映)', '2018-12-12(法国)', '2019-11-22(中国大陆)']",['法语'],"['109分钟', '105分钟(中国大陆)']",['剧情'],['法国'],主人公雷米原型取自世界经典名著《苦儿流浪记》。10岁的雷米被养父卖给街头艺人维塔利斯，雷米和维塔利斯、小狗、猴子开启了环游法国演艺之旅。维塔利斯教他识字、挖掘他唱歌的天赋。雷米体味旅行艺人的坎坷人生，学会生活、交朋友，维塔利斯像父亲和恩师一样滋养他。一首从小就在雷米心中流淌的神秘摇篮曲，牵引着雷米慢慢发现自己真实的身份，雷米的人生开始面临巨大的挑战和改变……,"['苦儿流浪记(台)', '无亲的雷米', ""Rémi, Nobody's Boy""]","['1007064', '1406477', '1040644', '1010752', '1374099', '1374099', '1046014']","['丹尼尔·奥特伊', '玛勒姆·帕坎', '维吉妮·拉朵嫣', '雅克·贝汉']","['1007064', '1406477', '1040644', '1010752', '1374099', '1374099', '1046014']",['安托万·布勒西耶'],"['1007064', '1406477', '1040644', '1010752', '1374099', '1374099', '1046014']","['安托万·布勒西耶', '耶克特·马洛']"
34879348,2019,戏笑江湖,0,1030,7,"['喜剧', '2019', '中国']",['2019-11-22(中国大陆)'],['汉语普通话'],['90分钟'],['喜剧'],['中国大陆'],电影讲述了越剧团“箱倌儿”乐天在“江湖大侠”玉乘风的帮助下突破心理障碍开启了逆袭之路，但在高潮迭起的逆袭路上，让乐天更意料不到的事情也即将开启……,['Dream of Shaoxing Opera'],"['1355350', '1425952', '1357465', '1425953', '1426269']","['林乐乐', '徐江帅', '袁宇龙', '王辉  ']","['1355350', '1425952', '1357465', '1425953', '1426269']",['唐堂'],"['1355350', '1425952', '1357465', '1425953', '1426269']",[]
33429909,2019,犬爱,0,267,10,"['狗狗', '田壮壮', '边牧']",['2019-11-22(中国大陆)'],['汉语普通话'],['93分钟'],['剧情'],['中国大陆'],家境殷实的陈如风，由于父母常年忙于工作，所以在他童年的记忆中，尽是父母转身离开的背影，他觉得自己在家中得不到温暖和爱。今天是陈如风的生日，家人团聚的期待如往年一样破灭了。陈如风脑海里一片空白，心无所念，他离开了家。一条名叫“小家伙”的“流浪狗”偶然间闯入了陈如风的世界。由于狗狗的意外受伤，又让陈如风结识了许若晴，一名积极阳光的宠物医生。两个人、一只狗共同经历了种种波折后，陈如风发现因着“小家伙”， 自己的心温暖了。许若晴告诉他，是因为犬爱。但陈如风并不理解“犬爱”的意义，他陷入了思考............,['Little Love'],"['1415803', '1314630', '1372025', '1415804', '1415803', '1415803']","['杨洋', '李净洋', '冯进高', '窦琪']","['1415803', '1314630', '1372025', '1415804', '1415803', '1415803']",['杨洋'],"['1415803', '1314630', '1372025', '1415804', '1415803', '1415803']",['杨洋']
34873373,2019,变化中的中国·生活因你而火热,1,69,5,"['纪录片', '中国', '2019']",['2019-11-22(中国大陆)'],['汉语普通话'],['106分钟'],['纪录片'],['中国大陆'],影片通过对六位不同职业、不同背景的普通中国年轻人工作和生活的真实纪录，展现了中国人民自强不息、努力奋进的精神风貌。影片的主人公有基层民警、产科医生、中学教师、青年创业者、外卖小哥、壁画研究员，通过他们热爱生活，恪尽职守，追逐梦想的感人故事。,['Changing China: Life is marvelous because of you'],"['1425308', '1425309', '1425310', '1425312', '1334965', '1425305', '1425306', '1425307']","['张方勇', '舒畅', '张震男', '韩杨']","['1425308', '1425309', '1425310', '1425312', '1334965', '1425305', '1425306', '1425307']","['程工', '张袆', '胥峥', '王晓峰']","['1425308', '1425309', '1425310', '1425312', '1334965', '1425305', '1425306', '1425307']",[]
26905555,2019,娱乐追击,0,61,8,"['喜剧', '中国电影']",['2019-11-22(中国大陆)'],['汉语普通话'],['90分钟'],"['喜剧', '动作']",['中国大陆'],电影《娱乐追击》讲述经纪公司老板洪天明与娱记一姐刘艺丹亦敌亦友的好戏。将“恶意炒作”“狗仔跟拍”“公关大战”等“圈内规则”展现在笑料与逗趣中，呈现给观众一个真实的“娱乐圈生存法则”。,['Chasing News'],"['1314773', '1350013', '1274652', '1365973', '1401140', '1410773']","['洪天明', '万国鹏', '姜超', '刘艺丹']","['1314773', '1350013', '1274652', '1365973', '1401140', '1410773']",['李轩'],"['1314773', '1350013', '1274652', '1365973', '1401140', '1410773']",['徐宁泽']
26781768,2019,骨瓷,0,56,6,"['惊悚', '恐怖', '王佑硕', '悬疑', '中国电影', '长片', '爱情', '华语', '贴牌', '肖基国']",['2019-11-22(中国大陆)'],['汉语普通话'],['93分钟'],['恐怖'],['中国大陆'],"相传，为了让亲人常伴身边，民间常将逝去亲人的骨灰混入黏土烧制成精美的瓷器，逝去亲人的灵魂就会萦绕在骨灰瓷器的周边久久不散。但一旦灵魂有怨气，则生人则会被带入恐惧深渊，直至怨气消散……
影片讲述单纯善良的绮华的未婚夫青文因事故坠海身亡，悲痛欲绝的绮华为了与青文长相厮守，听取了闺蜜的意见，效法民间传说巫术，将青文的骨灰烧制成人骨花瓶。
自此，绮华时刻能感到青文继续存在家里的迹象，青文的魂魄似乎又回到了绮华身边，但逐渐事态失控了，绮华家里接连出现各种灵异恐怖事件……","['人骨邪咒之骨瓷', 'Bone China']","['1037908', '1313802', '1313973', '1336519', '1289305', '1289305']","['周海媚', '林伟', '陈奕龙', '王婉中']","['1037908', '1313802', '1313973', '1336519', '1289305', '1289305']",['林华全'],"['1037908', '1313802', '1313973', '1336519', '1289305', '1289305']",['林华全']
30373259,2019,爱·之痕,3,34,10,['爱情文艺'],['2019-11-22(中国大陆)'],['汉语普通话'],['97分钟'],"['剧情', '爱情']",['中国大陆'],电影《爱·之痕》分别讲述了以周全、陆青青、王一鸣、琳琅“铁四角”为主线，从青葱到青年，四人以不同性格展现着三段不同的爱情形态，也想通过这三段感情，来表达爱情里的那些令人怀念的时光，心痛的刹那，遗憾的错过，无奈的选择，这些种种加杂在一起，让我们觉得，就算失恋，也是一种痛苦的浪漫，是一种值得去追忆的痛楚。,['Scarred Llove'],"['1352652', '1424475', '1365689', '1424474', '1350019']","['成梓宁', '樊星', '马秋子', '许小行']","['1352652', '1424475', '1365689', '1424474', '1350019']",['王凯阳'],"['1352652', '1424475', '1365689', '1424474', '1350019']",[]
30191988,2019,飞吧冰球,0,12,1,[],['2019-11-22(中国大陆)'],['汉语普通话'],['97分钟'],['剧情'],['中国大陆'],《飞吧冰球》讲述了齐齐哈尔两代冰球人传承冰球精神，追梦圆梦，争创“亚洲最佳冰球城市”的故事。影片用生动的形象和艺术表现，展示了齐齐哈尔市百万人上冰雪、丰富多彩的冰球赛事和冰雪器材市场的繁荣兴盛，片中激情滑雪、雪地放飞和室外温泉等北国冰雪特色场景，全方位呈现鹤城得天独厚的自然资源和人文情怀。,[],"['1349419', None, None, None, None, None]","['黄彦', '崔学文', '韩振魁', '梓聿']","['1349419', None, None, None, None, None]",['林纬台'],"['1349419', None, None, None, None, None]",['杨春达']
30465856,2018,生命之轮,1,111,19,"['文艺片', '愿喜欢《生命之轮》', '电影', '影评', '影人']","['2018-08-26(喳目西藏电影展)', '2019-11-26(中国大陆)']",['无对白'],['80分钟'],['剧情'],['中国大陆'],这是一部关于探索人的内心世界的影片，这部影片中没有一句人物台词，纯视听语言讲述故事的探索性电影，片中的主人公叫公保东珠，过着游牧生活，有两个爱财如命的盗墓贼在公保东珠家的坟地上发现了宝物，为了获得宝物，他俩不择手段地蒙骗公保东珠，且破坏当地生态坏境，公保东珠想尽办法坚守坟地上的宝物和圣山河流，后来两个盗墓贼在坟地附近炸矿的时候，没弄好炸药，结果两人都被炸死了，另外，死亡是人类永恒的主题，影片通过主人公的妻子过世，他开始思考生与死的问题，并在现实生活中寻找如何发现死亡的本质到接受死亡，最后生与死的圆满融合的智慧。,['Skull Flower'],"['1423088', '1423089', '1416669', '1423090', '1369989', '1369989']","['格茸农布', '杨青草', '居琼钦哲', '居曲保']","['1423088', '1423089', '1416669', '1423090', '1369989', '1369989']",['李加雅德'],"['1423088', '1423089', '1416669', '1423090', '1369989', '1369989']",['李加雅德']
26984406,2017,归去,3,500,79,"['现实主义', '文艺', '中国电影', '中国', '黄璐', '剧情', '上海电影节', '颜雷', '2017', '家庭']","['2017-06-18(上海电影节)', '2019-11-28(中国大陆)']",['汉语普通话'],"['101分钟(中国大陆)', '106分钟']","['剧情', '家庭']",['中国大陆'],为了能获得一张养老院的养老金卡。周老伯利用政府动迁老房子的机会，想说服邻居董老太和他“假结婚”，从而可以多分到一笔动迁款。但，董老太因为害怕被报应，一直心存疑虑。而得知自己父亲的老房子要拆迁，周老伯的儿子周平正准备利用这个机会替自己的五岁的女儿嘉嘉买一套学区房。平日里一直照顾董老太的四川籍保姆云姐，突然被告知自己的亲弟弟在老家被车撞，急需10万元动手术。而云姐意外得知董老太和周老伯的“假结婚”计划之后，主动提出愿意帮周老伯完成这个心愿。但，云姐的条件是需要周老伯提前支付10万元现金。得知周老伯要和董老太结婚之事之后，周平的妻子黄丽丽暗中偷走了周老伯的户口本。而周老伯正准备将10万存折给云姐的时候，发现自己夹在户口本里存折找不到了。董老太在一次眼睛手术后在厕所意外滑到，董老太的女儿却发现母亲的病历卡上有多次云姐拿这个卡替自己看病的纪录。因为一直联系不到云姐，云姐农村的丈夫也跑到了上海…,['Home Away'],"['1316068', '1276144', '1402633', '1425564', '1316084', '1316084']","['徐才根', '黄璐', '李品夆', '闻婷 ']","['1316068', '1276144', '1402633', '1425564', '1316084', '1316084']",['颜雷'],"['1316068', '1276144', '1402633', '1425564', '1316084', '1316084']",['颜雷']
30196805,2019,两只老虎,44,40099,256,"['肖战', '葛优', '喜剧', '赵薇', '国产电影', '2019', '李非', '中国', '电影', '内地电影']",['2019-11-29(中国大陆)'],['汉语普通话'],[],"['剧情', '喜剧']",['中国大陆'],"低配绑匪遇上了极品人质，威逼不成，反被人质利诱，替人质办了三件事的荒诞喜剧。
",['Two Tigers'],"['1000905', '1163713', '1316368', '1051526', '1327361', '1327361']","['葛优', '赵薇', '乔杉', '范伟']","['1000905', '1163713', '1316368', '1051526', '1327361', '1327361']",['李非'],"['1000905', '1163713', '1316368', '1051526', '1327361', '1327361']",['李非']
30318116,2019,利刃出鞘,3,21716,271,"['悬疑', '犯罪', '美国', '克里斯·埃文斯', '2019', '丹尼尔·克雷格', '剧情', 'ChrisEvans', '美国电影', '动作']","['2019-09-07(多伦多电影节)', '2019-11-27(美国)', '2019-11-29(中国大陆)']",['英语'],['130分钟'],"['剧情', '喜剧', '犯罪']",['美国'],"富豪小说家霍华德·斯隆比在自己85岁生日第二天，被发现在自家庄园离奇自杀，遗留了亿万遗产。久负盛名的大侦探布兰科（丹尼尔·克雷格饰）突然被匿名人士雇佣调查此案真相。同时，霍华德的孙子兰森（克里斯·埃文斯饰）也正在秘密调查此案。当布兰科和霍华德·斯隆比家族的其他人对谈时，他发现事情并没有想象中那么简单。
霍华德家族没有表面上那么和睦，每个人都有着不可告人的秘密，每个人都想得到遗产……究竟这起命案是自杀还是他杀？似乎每个人都有嫌疑。随着一位遗产继承人的意外亮相，真相谜底渐渐浮出水面……","['亮剑', '锋回路转(台)', '神探白朗：福比利大宅谋杀案(港)', '出鞘', '上流谋杀案']","['1025175', '1017885', '1144415', '1045259', '1036605', '1036605']","['丹尼尔·克雷格', '克里斯·埃文斯', '迈克尔·珊农', '安娜·德·阿玛斯']","['1025175', '1017885', '1144415', '1045259', '1036605', '1036605']",['莱恩·约翰逊'],"['1025175', '1017885', '1144415', '1045259', '1036605', '1036605']",['莱恩·约翰逊']
33400376,2019,平原上的夏洛克,26,9677,1746,"['FIRST青年电影展', '喜剧', '农村', '小人物', '中国', '2019', 'FIRST', '徐磊', '剧情', '中国大陆']","['2019-07-22(FIRST青年影展)', '2019-11-29(中国大陆)']",['汉语普通话'],['90分钟'],"['剧情', '喜剧', '悬疑']",['中国大陆'],超英翻盖新房 ，占义、树河前来帮忙，没想到树河却因意外车祸入院，司机肇事逃逸，超英和占义化身“平原侦探”，踏上了一段令人啼笑皆非的荒诞追凶之旅。,"['Rebuilding', 'Summer Detective']","['1418344', '1424741', '1424742', '1415626', '1415626']","['徐朝英', '张占义 ', '宿树河 ']","['1418344', '1424741', '1424742', '1415626', '1415626']",['徐磊'],"['1418344', '1424741', '1424742', '1415626', '1415626']",['徐磊']
26715965,2018,衣柜里的冒险王,16,4598,2692,"['印度', '喜剧', '法国', '浪漫', '爱情', '神奇', '2018', '小说改编', '温情', '剧情']","['2018-05-30(法国)', '2019-11-29(中国大陆)']","['英语', '印度语']","['92分钟', '96分钟(中国大陆)']","['剧情', '喜剧']","['法国', '印度']","靠骗取游客钱财为生的印度街头小混混阿贾，一直努力攒钱想带母亲去巴黎，可惜母亲没能等到这一天便去世了。于是，身上只有100欧元的阿贾带着母亲的骨灰踏上巴黎穷游之旅。为了省去住宿费阿贾藏在宜家的衣柜里，不料阴差阳错被运到英国，而后辗转流落到西班牙、意大利、利比亚……一段精彩非凡的冒险之旅由此展开。
","['苦行僧的非凡旅程', '困在宜家衣柜里的苦行僧', '跟着IKEA衣橱去旅行(台)']","['1219536', '1009461', '1126302', '1335066', '1323854', '1317443', '1393333', '1393334', '1323854']","['丹努什', '贝热尼丝·贝乔', '艾琳·莫里亚蒂', '巴克德·阿巴蒂']","['1219536', '1009461', '1126302', '1335066', '1323854', '1317443', '1393333', '1393334', '1323854']",['肯·斯科特'],"['1219536', '1009461', '1126302', '1335066', '1323854', '1317443', '1393333', '1393334', '1323854']","['卢克·博西', '乔恩·戈德曼', '罗曼·普罗托拉斯', '肯·斯科特']"
26263417,2019,一生有你2019,2,2336,55,"['一生有你', '水木年华', '青春', '校园', '校园回忆', '回忆', '黄婷婷', '爱情', '晏紫东', '中国电影']",['2019-11-29(中国大陆)'],['汉语普通话'],['90分钟'],['爱情'],['中国大陆'],"根据经典同名歌曲改编，还原校园民谣时期大学校园里的一段真实故事。
当母胎单身的工科男欧洋（谢彬彬饰）邂逅文艺女校花方瑶（徐娇饰），为了毕业前脱单，欧洋阴差阳错地学起了吉他，伙同损友们上演了一出“音乐求爱”的大戏，于是一段充满欢笑眼泪，热血而又遗憾的初恋开始了……","['一生有你', 'Miss Forever']","['1023236', '1352794', '1362288', '1350870', '1326070', '1335829', '1373018', '1322741', '1406619', '1423011', '1327604']","['徐娇', '谢彬彬', '晏紫东', '黄婷婷']","['1023236', '1352794', '1362288', '1350870', '1326070', '1335829', '1373018', '1322741', '1406619', '1423011', '1327604']",['卢庚戌'],"['1023236', '1352794', '1362288', '1350870', '1326070', '1335829', '1373018', '1322741', '1406619', '1423011', '1327604']","['丛洋', '王九苓', '张挺', '王佳伟', '刘珊', '董润年']"
27595272,2019,冰峰暴,5,1389,70,"['张静初', '灾难', '役所广司', '中国大陆', '2019', '中国', '灾难动作', '林柏宏', '动作', '雪山']","['2019-11-03(东京电影节)', '2019-11-29(中国大陆)']",['汉语普通话'],['110分钟'],"['动作', '灾难']",['中国大陆'],喜马拉雅周边国家为了地区和平召开地区会议，议定《喜马拉雅公约》。会议召开前一架载有机密文件的飞机坠毁在珠峰南部，该文件可能危及喜马拉雅地区得之不易的和平局面。两名自称是印度军方紧急派出的特工，找到喜马拉雅救援队“翼小队”，请求协助登上珠峰秘密取回文件。尽管翼小队对此事心存疑虑，因陷入财务困难，犹豫再三，还是接受了珠峰领路的任务。但每个人并不知道在严酷的雪山之巅等待他们的将是什么……,"['飞越珠峰', 'Wings Over Everest']","['1016668', '1165478', '1275324', '1004741', '1385149', '1385149']","['张静初', '役所广司', '林柏宏', '维克多·韦伯斯特']","['1016668', '1165478', '1275324', '1004741', '1385149', '1385149']",['余非'],"['1016668', '1165478', '1275324', '1004741', '1385149', '1385149']",['余非']
34822531,2019,撼山瑶,0,94,5,"['乡村', '文艺', '教育', '支教', '剧情', '中国电影', '11月影单']",['2019-12-04(中国大陆)'],['汉语普通话'],['92分钟'],['剧情'],['中国大陆'],故事发生在中国西南边陲黔江少数民族——十三寨女儿谷的土家族村寨。从小生活在城里的大学生王姍瑶不顾家人及男友的反对和不理解，毅然决定独自一人去西南偏远地区做支教的志愿者。在阿蓬江支教过程中发生的一系列的事情，让王珊瑶犹豫自己当初的选择是否正确，自己到底该何去何从......,['Beautiful Teacher'],"['1409873', '1370207', '1367183', '1330710', '1339824', '1339824']","['曾格格', '姜永波', '辛祚宇', '尹恒']","['1409873', '1370207', '1367183', '1330710', '1339824', '1339824']",['马雍'],"['1409873', '1370207', '1367183', '1330710', '1339824', '1339824']",['马雍']
27668250,2019,南方车站的聚会,65,91848,2388,"['胡歌', '刁亦男', '桂纶镁', '廖凡', '值得一看', '2019', '中国大陆', '戛纳电影节', '犯罪', '华语']","['2019-05-18(戛纳电影节)', '2019-12-06(中国大陆)']",['武汉方言'],['113分钟'],"['剧情', '犯罪']","['中国大陆', '法国']","南方某城市，重案队长刘队（廖凡 饰）重金悬赏在逃罪犯周泽农（胡歌 饰）。陪泳女刘爱爱（桂纶镁 饰） 、周泽农曾经的好友华华（奇道 饰）、五年未见的妻子杨淑俊（万茜 饰），各色人等各怀心事，相继被卷入这场罪与罚的追击旋涡。冒险与爱情，人性与救赎，这场特别的“聚会”该如何收场？善恶有道一念之间。
中国导演刁亦男曾凭借前作《白日焰火》获第 64届柏林国际电影节最佳影片金熊奖，凭本片入围第 72届戛纳国际电影节主竞赛单元。","['野鹅塘', '野鹅湖', 'The Wild Goose Lake']","['1274477', '1215287', '1007401', '1315477', '1276173', '1276173']","['胡歌', '桂纶镁', '廖凡', '万茜']","['1274477', '1215287', '1007401', '1315477', '1276173', '1276173']",['刁亦男'],"['1274477', '1215287', '1007401', '1315477', '1276173', '1276173']",['刁亦男']
30198715,2019,吹哨人,1,17684,40,"['悬疑', '2019', '中国大陆', '犯罪', '剧情', '真实事件改编', '动作', '爱情', '推理', '经典']",['2019-12-06(中国大陆)'],['汉语普通话'],[],"['剧情', '犯罪', '悬疑']",['中国大陆'],吹哨人指所在企业或组织存在重大问题、严重威胁公众利益时，不惜面临巨大危险勇敢揭露的人。一场意外的空难，一次“普通”的跨国交易，一个竞争对手的离奇死亡，让在澳洲工作的华人员工马珂（雷佳音 饰）渐渐察觉到其中蹊跷。此时，神秘女人中方代表周雯（汤唯 饰）带来更多线索，一桩事关 几百万人性命的巨大阴谋开始浮出水面….,['The Whistleblower'],"['1025141', '1312940', '1275139', '1275139']","['汤唯', '雷佳音']","['1025141', '1312940', '1275139', '1275139']",['薛晓路'],"['1025141', '1312940', '1275139', '1275139']",['薛晓路']
27624663,2019,网络凶铃,0,152,10,"['恐怖', '惊悚', '中国', '马伯庸', '鹤田法男', '爱情', '华语电影', '孙伊涵']",['2019-12-06(中国大陆)'],['汉语普通话'],[],"['惊悚', '恐怖']",['中国大陆'],"电影《网络凶铃》根据“文学鬼才”马伯庸著名恐怖小说《她死在QQ上》改编，由“日本恐怖片之父”导演鹤田法男执导。
网络上断更多年的小说突然复更，读过小说的人相继离奇死亡。大学生小诺因为看见惊鸿阴森恐怖的死亡状态，由此厄运缠身，她开始看到越来越多人的死亡，而死亡方式竟然和小说中描述的完全一致。此刻她也开始明白，一部摄魂噬命的小说正在无限更新，这场夺命游戏也才刚刚开始......","['QQ上的访客', '看不见的凶手']","['1358762', None, '1350138', '1275702']","['孙伊涵', '张云亭', '傅孟柏']","['1358762', None, '1350138', '1275702']",['鹤田法男'],"['1358762', None, '1350138', '1275702']",[]
30219680,2018,迷局伏香,0,62,11,"['林家栋', '澳門', '懸疑', '王乐君', '澳门电影', '澳影']","['2018-12-09(中国澳门电影节)', '2019-12-06(中国大陆)']","['粤语', '汉语普通话']","['92分钟', '83分钟']","['剧情', '犯罪', '悬疑']","['中国大陆', '中国澳门']","前澳门司警梁镜晖（林家栋饰）在旁人的眼里是个偏执的怪人，每天不苟言笑。经常购买各种不同的香料，躲在自己的小屋里查寻着什么。还时常独坐在固定的茶楼里喃喃自语。
一家网络金融公司的高层Simon（李东恒饰）与郭婉君（蔡洁饰）引起了梁镜晖的关注，他辞掉了工作，进入了金融公司。犹如多米诺骨牌，一系列的事件接连发生，梁镜晖觉得自己找到了线索。但一名被女司警周佩诗（牛丽燕饰）追查的黑客（戴显扬饰）如幽灵般地出现又消失，让迷局重新扑朔迷离。
张子琪（廖殷曼饰）的出现让梁镜晖来到了救赎的十字路口，他似乎无法走出神秘人（钱波饰）设下的陷阱，重演三年前的迷香之败。",[],"['1050329', '1319112', '1327959', '1342852', '1422930', '1422931']","['林家栋', '牛丽燕', '钱波', '王乐君']","['1050329', '1319112', '1327959', '1342852', '1422930', '1422931']",['孔瑞良'],"['1050329', '1319112', '1327959', '1342852', '1422930', '1422931']",['李宏']
34881565,2019,小中年,0,10,1,[],['2019-12-06(中国大陆)'],['汉语普通话'],['96分钟'],['剧情'],['中国大陆'],影片分别从家庭、爱情、事业三个方面讲述了年过而立的人们所面对的抉择：日渐沉重的家庭负担与心中梦想的蠢蠢欲动；玩世不恭的花花世界与坚贞不渝的爱情坚守；十年如一的舞台核心和推贤让能的功成身退。,['Time is Not Old'],"[None, None, None, None, None]","['宋禹', '卢倩文', '尹键', '马亚楠']","[None, None, None, None, None]",['王洋'],"[None, None, None, None, None]",[]
26954859,2019,兰心大剧院,19,67641,720,"['剧情', '历史', '2019', '中国大陆', '政治', '社会', '文艺', '二战', '黑白', '上海']","['2019-09-04(威尼斯电影节)', '2019-12-07(中国大陆)']","['汉语普通话', '英语', '日语', '法语']","['126分钟(威尼斯电影节)', '127分钟']","['剧情', '动作']",['中国大陆'],"电影根据虹影《上海之死》及横光利一《上海》改编。
1941年。著名演员于堇返回孤岛时期的上海，表面上是为了出演她的旧爱执导的话剧《礼拜六小说》。但是她真正的目的是什么？是为了救出她的前夫？为了给盟军搜集情报？为了给养父工作？还是为了和自己的爱人一起逃离战争？她真正的使命是什么?随着她着手执行任务，敌我越来越难以分辨，一个女人的命运被时代紧紧牵引，她又如何做出改变世界格局的选择? 戏里戏外，谁能幸免?","['礼拜六小说', 'Saturday Fiction']","['1035641', '1274608', '1007189', '1050264', '1274263', '1328557']","['巩俐', '赵又廷', '小田切让', '帕斯卡尔·格雷戈里']","['1035641', '1274608', '1007189', '1050264', '1274263', '1328557']",['娄烨'],"['1035641', '1274608', '1007189', '1050264', '1274263', '1328557']",['马英力']
30345226,2019,若能与你共乘海浪之上,13,17403,1935,"['汤浅政明', '日本', '日本动画', '动画', '动画电影', '爱情', '2019', '片寄凉太', '青春', '动漫']","['2019-06-21(日本)', '2019-12-07(中国大陆)']",['日语'],['96分钟'],"['爱情', '动画', '奇幻']",['日本'],夏天、阳光，沙滩、海浪，青年消防员雏罂粟港和爱好冲浪的向水日菜子相遇并迅速展开热恋。看似命中注定的这对恋人，却不幸遭遇生死别离。无法接受港已经离世的雏子，某天突然发现，只要唱起属于两个人的那首歌，港就会从水中出现……,"['乘浪之约(台)', '浪尖上的约定(港)', '若能与你乘风破浪', '若能和你共乘波浪', '若能与你共乘波浪', '若与你共乘海浪之上', '你和我，如果被海浪吞没', 'If Riding a Wave, with You', 'Ride Your Wave']","['1367999', '1322083', '1350187', '1350151', '1274339', '1275219']","['片寄凉太', '川荣李奈', '松本穗香', '伊藤健太郎']","['1367999', '1322083', '1350187', '1350151', '1274339', '1275219']",['汤浅政明'],"['1367999', '1322083', '1350187', '1350151', '1274339', '1275219']",['吉田玲子']
11443316,2014,龙之谷：破晓奇兵,174,7798,33753,"['龙之谷', '国产动画', '动画', '奇幻', '冒险', '动画电影', '中国', '2014', '中国电影', '魔幻']","['2014-07-31(中国大陆)', '2019-12-07(中国大陆重映)']","['汉语普通话', '粤语']",['88分钟'],"['动画', '奇幻', '冒险']",['中国大陆'],"不务正业的流浪少年兰伯特意外听到了邪恶的大黑龙手下魔族准备攻占阿尔特里亚大陆的情况，为了保护家乡他与魔物周旋被困，却被游侠巴尔纳救下，加入到了游侠杰兰特、阿尔杰塔（景甜 配音）的队伍中。精灵一族中的法师首领卡拉秋（夏梓桐 配音）也带着公主内尔文与弓箭手随从莉亚（徐娇 配音）前来邀请人类国王参战，面对魔物的入侵，他们和游侠队伍以及人类骑士贝斯柯德（胡歌 配音）组成了对付大黑龙的联盟。众人历经困难来到了大黑龙的巢穴，兰伯特与莉亚日久生情，但是他们却不知道杰兰特和阿尔杰塔，以及贝斯柯德各自带着不为人知的秘密……
本片是人气网游《龙之谷》改编的动画大电影，由盛大游戏公司推出，计划是拍摄三部曲，故事的主线围绕《龙之谷》游戏前传。©豆瓣","['龙之谷之黑龙崛起', '龙之谷大电影', '龙之谷前传', ""Dragon Nest: Warriors' Dawn"", 'Dragon Nest: Rise of the Black Dragon']","['1274477', '1275432', '1023236', '1275936', '1341152', '1341154', '1341152', '1278992', '1341153']","['胡歌', '景甜', '徐娇', '夏梓桐']","['1274477', '1275432', '1023236', '1275936', '1341152', '1341154', '1341152', '1278992', '1341153']",['宋岳峰'],"['1274477', '1275432', '1023236', '1275936', '1341152', '1341154', '1341152', '1278992', '1341153']","['卓然', '宋岳峰', '比尔·伯顿', '钟岳峰']"
30357885,2019,天火,1,644,22,"['灾难', '视效', '2019', '奇幻', '动作', '冒险']",['2019-12-12(中国大陆)'],"['汉语普通话', '英语']",[],"['动作', '冒险']",['中国大陆'],"天火岛美得如同世外桃源，几乎让人忘记它位于“Ring of Fire”——全球知名的环太平洋火山带。年轻的地质学家李晓梦为了研发首个火山监测系统“朱雀”，带着团队来到了这里。李晓梦的父亲、隐退多年的火山专家李文涛得知后赶到火山口，力图劝说她离开。与此同时，探险专家正楠在美轮美奂的水下溶洞潜水，准备给女友佳慧一个浪漫的求婚……
火山喷发了，这些人的命运纠结在一起。为了看见明天的太阳，他们必须与过去和解，合力为自己也为众生在绝境中寻找一条生路。 这是一个关于爱与勇气、选择与放弃、自救与他救的中国式英雄的故事。","['天·火', '天火危情', 'SkyFire']","['1054562', '1313866', '1274225', '1017916', '1300732', '1402963', '1308285']","['王学圻', '昆凌', '窦骁', '詹森·艾萨克']","['1054562', '1313866', '1274225', '1017916', '1300732', '1402963', '1308285']",['西蒙·韦斯特'],"['1054562', '1313866', '1274225', '1017916', '1300732', '1402963', '1308285']","['卜维', '悉尼·金']"
30269016,2019,半个喜剧,0,205,2,"['驴得水原创', '喜剧', '中国', '中国电影', '华语', '大陆', '2010s']",['2019-12-12(中国大陆)'],['汉语普通话'],[],['喜剧'],['中国大陆'],,"['如果，我不是我', 'Almost a Comedy']","['1362973', '1313050', '1370365', '1337197', '1362256', '1362257', '1362256', '1362257']","['任素汐', '吴昱翰', '刘迅', '汤敏']","['1362973', '1313050', '1370365', '1337197', '1362256', '1362257', '1362256', '1362257']","['周申', '刘露']","['1362973', '1313050', '1370365', '1337197', '1362256', '1362257', '1362256', '1362257']","['周申', '刘露']"
27002635,2019,唐顿庄园,16,17691,3062,"['英国', '贵族', '2019', '古典', '剧情', '经典', '历史', '家庭', '文艺', '欧洲']","['2019-09-13(英国)', '2019-12-13(中国大陆)']",['英语'],['122分钟'],['剧情'],['英国'],电影版《唐顿庄园》讲述了新的故事：一向暗流涌动的唐顿庄园突然接到一封意外信件，英国皇室即将造访。当象征着大不列颠最高权力的国王夫妇来到这座偏安一隅的乡间宅邸，等待唐顿庄园主人们的将会是怎样的挑战；当两种都以高冷优雅、荣誉体面为毕生追求的人群相遇，又将发生怎样意想不到的碰 撞？《唐顿庄园》携经典演员阵容回归，首度通过大银幕演绎一段镌刻着浓郁英伦气息的全新贵族篇章。,['唐顿庄园电影版'],"['1041224', '1010588', '1013798', '1036721', '1360686', '1025333']","['休·博纳维尔', '伊丽莎白·麦戈文', '玛吉·史密斯', '米歇尔·道克瑞']","['1041224', '1010588', '1013798', '1036721', '1360686', '1025333']",['迈克尔·恩格勒'],"['1041224', '1010588', '1013798', '1036721', '1360686', '1025333']",['朱利安·费罗斯']
30394535,2019,被光抓走的人,4,7518,52,"['黄渤', '中国电影', '悬疑', '大陆', '华语', '文淇', '王珞丹', '喜剧', '爱情', '中国']",['2019-12-13(中国大陆)'],['汉语普通话'],[],"['剧情', '爱情', '科幻']",['中国大陆'],据说该片的创作灵感来源于董润年的一个脑洞：“如果有一道神秘的光把一部分人抓走，社会的平静与法则被打破，我们该怎么办？” 在导演的脑洞中，光代表什么？为什么人会被光抓走？谁会被光抓走？留下来的人要怎么办？这一系列疑问未来都需要在片中得到解答。,[],"['1274242', '1274301', '1312976', '1332932', '1327604', '1327604']","['黄渤', '王珞丹', '谭卓', '白客']","['1274242', '1274301', '1312976', '1332932', '1327604', '1327604']",['董润年'],"['1274242', '1274301', '1312976', '1332932', '1327604', '1327604']",['董润年']
30128985,2019,勇敢者游戏2：再战巅峰,1,4429,54,"['勇敢者游戏', '奇幻', '冒险', '2019', '喜剧', '美国', '动作', '美国电影', '电影', '科幻']","['2019-12-13(美国)', '2019-12-13(中国大陆)']",['英语'],[],"['喜剧', '动作', '奇幻']",['美国'],《勇敢者游戏2：再战巅峰》是继2017年全球卖座动作冒险巨制《勇敢者游戏：决战丛林》后的续篇。四名玩家再次穿越回到险象环生的游戏中，打怪闯关拯救世界。而与上次不同的是，变身大块头“勇石博士” (道恩·强森 饰) 的是斯宾塞的爷爷，高大威猛的福基变成了地质学家 (杰克·布莱克 饰)，而斯宾塞爷爷的好朋友则变身为语言学家 (凯文· 哈特 饰)，学霸玛莎依旧化身成为性感打女 (凯伦·吉兰 饰)，而主角斯宾塞和万人迷贝瑟尼却不知所踪。四人惊魂 未定就发现身陷巨大的危机。他们必须利用自身技能并肩作战，摆脱各类猛兽的恐怖袭击和恶势力的夺命追逐，才能拯救他们消失的同伴，赢得游戏重返现实。,"['逃出魔幻纪：霸气升呢(港)', '野蛮游戏：全面晋级(台)', '勇敢者游戏2', '新勇敢者的游戏2', '勇敢者游戏4', 'Jumanji 2']","['1044707', '1036344', '1049492', '1286162', '1040862', '1339645', '1045248']","['道恩·强森', '凯伦·吉兰', '杰克·布莱克', '凯文·哈特']","['1044707', '1036344', '1049492', '1286162', '1040862', '1339645', '1045248']",['杰克·卡斯丹'],"['1044707', '1036344', '1049492', '1286162', '1040862', '1339645', '1045248']","['杰夫·皮克纳', '斯科特·罗森伯格']"
26885074,2019,叶问4,8,9110,128,"['叶问', '甄子丹', '功夫', '动作', '武侠', '香港电影', '香港', '国产电影', '中国', '华语电影']",['2019-12-20(中国大陆)'],"['粤语', '英语']",[],"['传记', '动作', '历史']",['中国香港'],因故来到美国唐人街的叶问，意外卷入一场当地军方势力与华人武馆的纠纷，面对日益猖狂的民族歧视与压迫，叶问挺身而出，在美国海军陆战队军营拼死一战，以正宗咏春，向世界证明了中国功夫。,"['Ip Man 4', 'Yip Man 4']","['1025194', '1314321', '1201063', '1017912', '1274472', '1316682', '1425972', '1336976', '1336699']","['甄子丹', '吴樾', '吴建豪', '斯科特·阿金斯']","['1025194', '1314321', '1201063', '1017912', '1274472', '1316682', '1425972', '1336976', '1336699']",['叶伟信'],"['1025194', '1314321', '1201063', '1017912', '1274472', '1316682', '1425972', '1336976', '1336699']","['黄子桓', '深泽寛 ', '陈大利', '梁礼彦']"
33436135,2019,只有芸知道,6,5455,25,"['冯小刚', '黄轩', '文艺', '爱情', '怀旧', '人生', '电影', '大陆', '2019', '杨采钰']",['2019-12-20(中国大陆)'],['汉语普通话'],[],['剧情'],['中国大陆'],"改编自冯小刚挚友的真实爱情经历，讲述了隋东风和罗芸之间相濡以沫的动人爱情故事。但罗芸隐藏了一个只有她知道的秘密，秘密的背后却是她对隋东风刻骨铭心的爱……
",['Only Cloud Knows'],"['1276105', '1320350', '1017207', '1424421', '1274255', '1424420']","['黄轩', '杨采钰', '徐帆', '莉迪亚·佩克汉']","['1276105', '1320350', '1017207', '1424421', '1274255', '1424420']",['冯小刚'],"['1276105', '1320350', '1017207', '1424421', '1274255', '1424420']",['张翎']
30176393,2019,误杀,0,1945,45,"['悬疑', '犯罪', '剧情', '2019', '中国大陆', '翻拍', '华语', '2019必看', '『陳沖』', '『罪案』']",['2019-12-20(中国大陆)'],['汉语普通话'],[],"['剧情', '犯罪']",['中国大陆'],李维杰与妻子阿玉来泰打拼17年，膝下育有两个女儿，年届四十的他靠开设网络公司为生，为人也颇得小镇居民的好感，而这一切美好却被突如其来的不速之客打破。这个充斥走私，贩毒活动的边陲小镇，各种权力交织碾压公平正义。李维杰的大女儿被督察长的儿子强暴，因反抗误杀对方。李维杰曾亲眼 目睹督察长滥用私刑，深知法律无用，为了维护女儿，捍卫家人，李维杰埋尸掩盖一切证据，在时间与空间的交错缝隙中，与警方在身心层面，展开了殊死一搏的较量。,"['误杀瞒天记', 'Visual', 'Sheep Without a Shepherd']","['1274979', '1312976', '1044964', '1317884', '1417306', '1366232', '1425466', '1425467', '1425468', '1425469', '1423396']","['肖央', '谭卓', '陈冲', '姜皓文']","['1274979', '1312976', '1044964', '1317884', '1417306', '1366232', '1425466', '1425467', '1425468', '1425469', '1423396']",['柯汶利'],"['1274979', '1312976', '1044964', '1317884', '1417306', '1366232', '1425466', '1425467', '1425468', '1425469', '1423396']","['杨薇薇', '翟培', '李鹏', '范凯华', '秦语谦', '雷声']"
34768554,2019,白日迷雾,0,496,6,"['犯罪', '中国大陆', '中影']",['2019-12-20(中国大陆)'],['汉语普通话'],['92分钟'],"['犯罪', '悬疑']",['中国大陆'],龙山地区接连发生两桩命案，在社会上引起巨大反响，百姓惶惶不安，警方压力剧增，随即成立“118”大案专案组，正副组长分别由主管刑侦的副局长李辉和刑警队长郭明担任。还有十多天就要退休的李辉，决心在退休前拿下这个案子，给自己从事了一辈子的刑警事业画上一个圆满的句号。但是，两桩看似毫无联系的命案背后，隐藏着一个精心设计的阴谋，案情迷雾重重。由妒生恨的姐姐刘欣欣，为获取巨额财富并达到陷害同父异母的妹妹刘郁，频繁在刘郁和刘欣欣两个身份之间自由转换。新老刑警冰释前嫌联手侦破，最终迷雾消散。,[],"['1327669', '1361109', '1315058', '1381098', '1377138', '1388002']","['李丞峰', '宋宁', '石兆琪', '要武']","['1327669', '1361109', '1315058', '1381098', '1377138', '1388002']",['闫国喜'],"['1327669', '1361109', '1315058', '1381098', '1377138', '1388002']",['张承志']
25868121,2019,过渡空间,1,1107,16,"['悬疑', '孙红雷', '剧情', '智商', '华语电影', '国产电影', '温情', '非行', '大陆', '刘德华']",['2019-12-24(中国大陆)'],['汉语普通话'],[],"['动作', '科幻', '悬疑']",['中国大陆'],"此生渡彼岸，往生者来到关又，一个执念者的世界——过渡空间。反劫持谈判专家宋琂在这里遇到她职业生涯中最强大的对手，过渡空间的最高长官孙穆。面对这个从不按常理出牌的女人，孙穆感受到前所未有的威胁。两个内心充满执念的强者，同一时空狭路相逢，一个竭尽全力要留下，一个孤注一掷要离开。一场智慧与勇气的对决拉开大幕，一段段尘封往事浮出水面......
没有人知道专职劝服他人放下执念过关的孙穆为何长久于过渡空间流连，没有人理解不顾危急搏命闯关的宋琂如此迫切重返现实世界的执念。是救赎，还是解脱?曾经现世的恩怨情仇，在超现实的过渡空间汇聚，交叠重映，亲情、友情、爱情，一一试炼。","['全民危机', '全民目击2：过渡空间']","['1050430', '1318565', '1275934', '1051051', '1421111', '1421111']","['余男', '蔡珩', '王景春', '黄奕']","['1050430', '1318565', '1275934', '1051051', '1421111', '1421111']",['陈思勤'],"['1050430', '1318565', '1275934', '1051051', '1421111', '1421111']",['陈思勤']
34800447,2019,妈妈我想你,0,1333,1,"['温情', '往往', '中国', '2019']",['2019-12-27(中国大陆)'],['汉语普通话'],['108分钟'],"['剧情', '家庭']",['中国大陆'],家是永远的归宿，母爱是永恒的港湾！突发而至的横祸，将一个幸福的家庭拆得支离破碎，母子四人不得已亡命天涯，陷入重重危机……本片为您讲述一个感人至深的人间真情故事～,[],"['1275654', '1396869', '1274213', None, '1401343', '1401343']","['曹颖', '马柏全', '九孔', '汤潮']","['1275654', '1396869', '1274213', None, '1401343', '1401343']",['康锐'],"['1275654', '1396869', '1274213', None, '1401343', '1401343']",['康锐']
27606821,2019,站住！小偷,6,21607,215,"['喜剧', '电影', '很有意思', '爆笑喜剧', '剧情', '演技爆发的大剧', '尤勇', '真人秀', '郑云', '综艺']",['2019-12-28(中国大陆)'],['汉语普通话'],[],['喜剧'],['中国大陆'],该片讲述一个小偷为了筹措医治盲人女友眼疾的巨额手术费用，带领几个兄弟去涉险营救被绑架富豪，以期赚取500万悬赏酬金，在此过程中遭遇打劫与欺骗，从而引发了一系列啼笑皆非又感人至深的故事。从主人公的迷失到感悟再到人性的救赎与回归，采用喜剧的表达方式让观众在愉悦开怀的氛围中感受温暖与欣慰。,[],"['1416962', '1274267', '1301518', '1274420', None, None, None, None]","['郑云', '梁小龙', '尤勇', '吴启华']","['1416962', '1274267', '1301518', '1274420', None, None, None, None]",['郑云'],"['1416962', '1274267', '1301518', '1274420', None, None, None, None]","['郑云', '杨张邈馨', '王光武']"
30450560,2019,中华熊猫,0,155,7,"['国产动画', '中国大陆', '动画']",['2019-12-28(中国大陆)'],['汉语普通话'],['85分钟'],['动画'],['中国大陆'],小熊猫源克历尽千辛万苦终于找到了失散多年的父亲，开始了学习中医的历程。但黑虎与马戏团团长申野合谋了组建大型马戏团的计划，于是开始抓森里里的动物。就在这时黑虎突然病倒，并且很严重。小熊猫源克最后用针灸终于治好了黑虎的病。黑虎开始反思自己并且悔过自新，释放了森林里的所有动物。,[],"['1352341', '1381197']",[],"['1352341', '1381197']",['王鹏程'],"['1352341', '1381197']",['刘小琴']
33417046,2019,宠爱,4,4428,27,"['宠物', '狗', '2019', '猫', '温情', '暖心', '爱情', '中国', '感人', '文艺']",['2019-12-31(中国大陆)'],['汉语普通话'],[],"['剧情', '喜剧', '爱情']",['中国大陆'],电影《宠爱》共由6段温暖的故事组成，不同年龄段的人们，在宠物的陪伴和守护中，收获爱、发现爱，更重新学会爱。在“爱”的主线下，一系列关于亲情、友情、爱情的故事逐一展开。电影《宠爱》将于12月31日，全国公映，陪大家一起温暖跨年。,['Adoring'],"['1313742', '1276150', '1274254', '1274318', '1335623', '1319850', '1335623']","['于和伟', '吴磊', '张子枫', '钟汉良']","['1313742', '1276150', '1274254', '1274318', '1335623', '1319850', '1335623']",['杨子'],"['1313742', '1276150', '1274254', '1274318', '1335623', '1319850', '1335623']","['冉甲男', '杨子']"
30419744,2019,春江水暖,19,8816,1270,"['独立电影', '顾晓刚', '2019', '中国', '中国大陆', '家庭', '戛纳', '剧情', '大陆', '华语电影']","['2019-05-22(戛纳电影节)', '2019-12(中国大陆)']",['汉语普通话'],['150分钟'],['剧情'],['中国大陆'],六百年前元朝画家黄公望先生以富春江两岸风貌画下《富春山居图》，为迎接2022年亚运会，富阳正在热火朝天地进行新城建设。在此背景下，《春江水暖》讲述杭州富春江畔，四兄弟分四季轮流照顾中风后失智的母亲，四个家庭面临亲情与生活的考验，借由一年四季的冷暖变化如画卷般徐徐展开。,['Dwelling in the Fuchun Mountains'],"[None, None, None, None, '1411512', '1411512']","['杜红军', '钱有法', '汪凤娟', '章仁良']","[None, None, None, None, '1411512', '1411512']",['顾晓刚'],"[None, None, None, None, '1411512', '1411512']",['顾晓刚']
33437509,2020,贝肯熊2：金牌特工,0,215,6,['动画片'],['2020-01-01(中国大陆)'],['汉语普通话'],['91分钟'],['动画'],['中国大陆'],"拥有超级芯片的特工熊贝肯，梦想成为独当一面的金牌特工，然而特工局并不放心将任务交给一只北极熊去执行。贝肯为了证明自己的能力，贸然执行任务，误入陷阱，却因此失去了宝贵芯片。
变成普通北极熊的贝肯立志夺回芯片，却阴差阳错被粉丝小海豹缠上，无奈的他只好带着小海豹踏上寻找芯片的冒险旅程。不过这一切并不如贝肯想象中的顺利，他们需要躲避特工局的追查、闯过丛林伙伴的考验，以及面对拿走芯片的邪恶势力。
历经曲折艰辛，在小海豹的鼓励下，贝肯终于找到自己与生俱来的力量，并领悟特工的真谛。",['特工贝肯熊2'],"[None, '1415891', '1405343']",[],"[None, '1415891', '1405343']",['张扬'],"[None, '1415891', '1405343']","['刘珮如', '潘依然']"
34801105,2020,阿里巴巴与神灯,0,109,6,[],['2020-01-01(中国大陆)'],['汉语普通话'],['82分钟'],"['动画', '冒险']",['中国大陆'],"强盗弯刀在传说中的沙漠遗迹-阿兹罗德，挖掘宝藏时意外惊动了封印中的噩梦君，噩梦君蛊惑弯刀打开封印，噩梦君再次复活黑暗降临。
封印大师小芝麻被邀请参加拍卖会，一个来自阿兹罗德的宝箱突然释放出梦魇诅咒，将小芝麻拖入可怕梦境。
为了救小芝麻的阿里巴巴翻遍冒险宝典，从预言中判断出噩梦封印已经松动，恐怖的魔物即将出世，必须马上阻止。
冒险界的新秀阿拉丁得知此消息后与阿里巴巴立下战书，谁最先打败噩梦君，谁就是最强冒险家，一场关乎冒险者声誉的比赛拉开帷幕。
复活后的噩梦君释放黑暗能量,让弯刀变成刀枪不入的怪物。阿里巴巴与阿拉丁联手打败弯刀，最终在神灯精灵和小芝麻的配合下将噩梦君再次封印，世界重归和平。",[],"[None, '1338888']",[],"[None, '1338888']",['朱葛'],"[None, '1338888']",['刘飞']
26754627,2018,山海经之小人国,1,348,13,"['尊龙', '动画', '电影', '梦工厂', '成片', '中国电影', '迪士尼', '吉卜力', '卡通', 'B内地']","['2018-12-25(挪威)', '2020-01-11(中国大陆)']","['汉语普通话', '英语']",['90分钟'],"['儿童', '动画', '冒险']","['中国大陆', '美国', '加拿大', '挪威']",影片根据中国古代神话故事《山海经》所记载的周饶小人国传说改编而成，讲述了周饶小人国的王子锤木，在意外之中闯下大祸，导致父亲变成石像，最后一路经历冒险，重新拯救了父亲和王国的故事。,['Troll: The Tale of a Tail'],"['1424670', '1378227', '1424671', '1382820', '1357329', '1424634', '1330443', '1278907', '1291349', '1357329', '1424634']","['亦之紫12', '云鹤追', '尊龙', '刘若班']","['1424670', '1378227', '1424671', '1382820', '1357329', '1424634', '1330443', '1278907', '1291349', '1357329', '1424634']","['凯文·门罗', '克里斯蒂安·坎普']","['1424670', '1378227', '1424671', '1382820', '1357329', '1424634', '1330443', '1278907', '1291349', '1357329', '1424634']","['张大星', '苏珊娜·博尔奇', '约翰·梅', '凯文·门罗', '克里斯蒂安·坎普']"
27619748,2020,唐人街探案3,20,84274,352,"['刘昊然', '推理', '悬疑', '喜剧', '搞笑', '犯罪', '国产电影', '中国电影', '王宝强', '真心好看']",['2020-01-25(中国大陆)'],['汉语普通话'],[],"['喜剧', '动作', '悬疑']",['中国大陆'],继曼谷、纽约之后，东京再出大案。唐人街神探唐仁（王宝强饰）、秦风（刘昊然饰）受侦探野田昊（妻夫木聪饰）的邀请前往破案。“CRIMASTER世界侦探排行榜”中的侦探们闻讯后也齐聚东京，加入挑战，而排名第一Q的现身，让这个大案更加扑朔迷离，一场亚洲最强神探之间的较量即将爆笑展开……,"['唐探3', 'Detective Chinatown 3']","['1274388', '1336305', '1274254', '1037028', '1274763', '1274763']","['王宝强', '刘昊然', '张子枫', '妻夫木聪']","['1274388', '1336305', '1274254', '1037028', '1274763', '1274763']",['陈思诚'],"['1274388', '1336305', '1274254', '1037028', '1274763', '1274763']",['陈思诚']
25907124,2020,姜子牙,11,33590,95,"['国漫', '国产动画', '中国动画', '动画', '中国', '国产', '动漫', '奇幻', '动画电影', '中国电影']",['2020-01-25(中国大陆)'],['汉语普通话'],['90分钟'],['动画'],['中国大陆'],动画电影《姜子牙》的故事发生于封神大战之后。昆仑弟子姜子牙，率领众神战胜狐妖，推翻了残暴的商王朝，赢得封神大战的胜利，即将受封为众神之长。在巅峰时刻，他却因一时之过被贬下凡间。失去神力，被世人唾弃。为重回昆仑，姜子牙踏上旅途。在战后的废墟之上，他重新找到了自我，也发现了当年一切的真相。,[],"['1315977', '1385181']",[],"['1315977', '1385181']","['程腾', '李炜']","['1315977', '1385181']",[]
30128916,2020,中国女排,8,26093,40,"['体育', '郎平', '巩俐', '陈可辛', '中国', '运动', '国产电影', '中国大陆', '朱婷', '2020']",['2020-01-25(中国大陆)'],['汉语普通话'],[],['剧情'],"['中国大陆', '中国香港']",2016年8月22日，里约热内卢。时隔12年，中国女排再度杀入奥运决赛。惠若琪的一记探头球，让全场屏住呼吸。一个高速旋转的排球，勾连起几代排球女将的热血与青春。中国女排三十余年的沉浮图景被缓缓拉开。,[],"['1035641', '1274840', '1423855', '1367486', '1274300', '1327606']","['巩俐', '吴刚', '安家杰', '惠若琪']","['1035641', '1274840', '1423855', '1367486', '1274300', '1327606']",['陈可辛'],"['1035641', '1274840', '1423855', '1367486', '1274300', '1327606']",['张冀']
26342391,2020,紧急救援,4,21085,57,"['林超贤+彭于晏', '动作', '真实事件改编', '救援', '灾难', '中国大陆', '中国', '香港', '2020', '热血']",['2020-01-25(中国大陆)'],['汉语普通话'],[],"['动作', '灾难']",['中国大陆'],基地警报响起，⼀座海上钻井平台发⽣严重事故，随时可能倾覆沉没，交通海上应急反应特勤队全体队员迅速前往救援。时间紧迫，队长⾼谦（彭于晏 饰）率领搜救直升机迎着此起彼伏的爆炸和冲天咆哮的⽕龙，飞进平台范围，与⽣死兄弟、绞车⼿赵呈（王彦霖 饰）合作，⽤最危险的⽅式深⼊绝境，拯救幸存者……,['The Rescue'],"['1013782', '1350317', '1318720', '1318954', '1275075', '1275075']","['彭于晏', '王彦霖', '辛芷蕾', '蓝盈莹']","['1013782', '1350317', '1318720', '1318954', '1275075', '1275075']",['林超贤'],"['1013782', '1350317', '1318720', '1318954', '1275075', '1275075']",['林超贤']
30306570,2020,囧妈,12,20184,58,"['徐峥', '喜剧', '囧系列', '2020', '彭昱畅', '国产', '囧', '大陆', '国产电影', '中国']",['2020-01-25(中国大陆)'],['汉语普通话'],[],"['剧情', '喜剧']",['中国大陆'],讲述了小老板伊万缠身于商业纠纷，却意外同母亲坐上了开往俄罗斯的火车。在旅途中，他和母亲发生激烈冲突，同时还要和竞争对手斗智斗勇。为了最终抵达莫斯科，他不得不和母亲共同克服难关，并面对家庭生活中一直所逃避的问题。,"['俄囧', 'Lost in Russia']","['1274297', '1010504', '1325700', '1030935', '1274297', '1339571', '1412804', '1412805', '1274297']","['徐峥', '袁泉', '沈腾', '吴云芳']","['1274297', '1010504', '1325700', '1030935', '1274297', '1339571', '1412804', '1412805', '1274297']",['徐峥'],"['1274297', '1010504', '1325700', '1030935', '1274297', '1339571', '1412804', '1412805', '1274297']","['何可可', '布鲁鲁夫', '何一禾', '徐峥']"
27195078,2020,急先锋,7,4844,33,"['杨洋', '动作', '成龙', '贺岁片', '喜剧', '2020', '军事', '朱正廷', '国产', '大陆电影']",['2020-01-25(中国大陆)'],['汉语普通话'],[],"['动作', '冒险']",['中国大陆'],中国商人秦国立在英国惨遭雇佣兵组织“北极狼”绑架，秦的女儿Fareeda（徐若晗 饰）也卷入其中，遭到追杀。千钧一发之际，急先锋国际安保团队成为他们唯一的希望，由总指挥唐焕庭（成龙饰）带领雷震宇（杨洋饰）、张凯旋（艾伦饰）、弥雅（母其弥雅饰）、神雕（朱正廷饰）等组成的急先锋行动小组，上天入地，辗转全球各地施展惊险营救。解救人质的过程中，竟发现“北极狼”背后的恐怖组织还策划了一场惊天密谋……,"['急先锋电影版', 'Vanguard']","['1054531', '1276051', '1350408', '1343228', '1299382', '1299382']","['成龙', '杨洋', '艾伦', '母其弥雅']","['1054531', '1276051', '1350408', '1343228', '1299382', '1299382']",['唐季礼'],"['1054531', '1276051', '1350408', '1343228', '1299382', '1299382']",['唐季礼']
34768418,2020,金禅降魔,0,807,13,"['释小龙', '玄幻', '武侠', '蒋松廷']",['2020-01-25(中国大陆)'],['汉语普通话'],[],"['动作', '奇幻', '冒险']",['中国大陆'],除妖组织金蝉司首领南宫昼（邹兆龙饰）决战妖王夜白冥（李子雄饰）并牺牲生命将其封印。二十年后，南宫昼之子南宫月（释小龙饰）遇上了夜白冥之女叶知秋（姚星彤饰），之后，金蝉司六大高手开始逐一离奇死亡，南宫月请出了前任金蝉司首领杨如镜（胡军饰）帮忙调查此事，而杨如镜断定，凶手就在金蝉司众人之中……,[],"['1014738', '1032540', '1318516', '1037662', '1293885', '1338542', '1338541']","['释小龙', '胡军', '姚星彤', '李子雄']","['1014738', '1032540', '1318516', '1037662', '1293885', '1338542', '1338541']","['彭发', '王凯', '程中豪']","['1014738', '1032540', '1318516', '1037662', '1293885', '1338542', '1338541']",[]
33457717,2020,大红包,10,550,37,"['大红包，很支持', '很喜欢包贝尔的喜剧一面', '赵公子的作品很不错，有份额', '大红包', '影视投资', '包贝尔', '李成敏', '喜剧', '低成本，电影投资，影视投资', '烂片无疑']",['2020-01-25(中国大陆)'],['汉语普通话'],[],"['喜剧', '爱情']",['中国大陆'],"男主陈重的前女友杜莹劈腿傍大款，两人的分手在公司闹得沸沸扬扬，颜面扫地
的陈重向公司申请外调老家海南岛分公司再也不回来。临行前，陈重发现自己工
作这八年为了发展业务社交广泛，领导、同事、客户结婚、生孩子自己随礼送出
的红包就有30多万。陈重决定办一个假婚礼把这些年送出的红包收回来再去海南。
当他找到前女友杜莹说明意图，希望杜莹能看在相爱一场的份上和自己假结婚收
红包时，被杜莹和新男友高俊一顿奚落和嘲讽。陈重的好兄弟大瑞给受了刺激的
陈重出了个主意，俩人决定找一个演员(Lily)扮演陈重的新娘子，办一场高大上的
婚礼，即可收回红包，又可气一气杜莹。由此，一场好戏一环套一环的上演！",[],"['1315866', '1336802', '1367925', '1322777', '1319721', '1319721']","['包贝尔', '李成敏', '贾冰', '张一鸣']","['1315866', '1336802', '1367925', '1322777', '1319721', '1319721']",['李克龙'],"['1315866', '1336802', '1367925', '1322777', '1319721', '1319721']",['李克龙']
30458914,2018,呆瓜兄弟之快乐冬天,0,270,17,['动画'],"['2018-11-22(捷克)', '2020-01-25(中国大陆)']",['无对白'],['60分钟'],"['喜剧', '动画']","['捷克', '中国大陆']","又到了年末，阿呆和阿瓜像所有人一样，开始为圣诞节及新年PARTY做准备，但是，作为这个世界上动手能力最强的小发明家，怎么能跟普通人一样来装扮自己的院子和房子呢？于是，两个好朋友开动脑筋，对自己的家展开了不一样的改造，当然，他们也没有忘记帮自己的好朋友选一件“最好的礼物”。
当新年钟声敲响，彩灯逐渐闪烁，两个可爱的家伙，在朋友的拥抱中找到了无限信赖、支持和坚持自我的勇气。","['呆瓜兄弟2', 'Pat & Mat: Winter Fun', 'Buurman & Buurman: Winterpret']","['1410731', '1417318', '1410731']",[],"['1410731', '1417318', '1410731']","['马雷克·贝奈斯', ' 刘志广 ']","['1410731', '1417318', '1410731']",['马雷克·贝奈斯']
34825886,2020,熊出没·狂野大陆,2,210,13,"['熊出没', '熊出没动画片粉丝', '永远支持熊出没', '2020', '励志', '每年必看', '国产动画', '喜剧', '电影', '奇幻']",['2020-01-25(中国大陆)'],['汉语普通话'],['90分钟'],"['喜剧', '科幻', '动画']",['中国大陆'],"什么才是快乐的真谛？
一场起源于爱的冒险！
狗熊岭附近新开业了一个神奇的“狂野大陆”，在那里，通过基因技术人可
以自由变身各种动物，享受无比的自由和快乐。导游事业受挫的光头强
，阴差阳错与神秘人乐天和熊二组队，参加乐园里奖金丰厚的比赛，却
遭遇了队友乐天的背叛，历尽艰险终于获得冠军之际，却意外发现狂野
大陆中出现了肆意袭击他人的混合变身怪兽，同时也明白了队友乐天窃
取基因手环的背后的真相。
为了守护基因变身技术所承载的美好初衷，光头强与乐天冒险闯入总
部，却再次发现在老板汤姆背后隐藏着真正的幕后黑手，他们是否能够
获取最终的胜利？神秘人乐天背后又有着怎样的故事…","['熊出没大电影7', '熊出没科幻大电影']","['1336920', '1336919', '1336930', '1336904', '1336906', '1336908', None]","['张伟', '张秉君', '谭笑']","['1336920', '1336919', '1336930', '1336904', '1336906', '1336908', None]",['丁亮'],"['1336920', '1336919', '1336930', '1336904', '1336906', '1336908', None]","['徐芸', '崔铁志', '张宇']"
30216731,2020,六月的秘密,4,1765,31,"['郭富城', '文艺', '悬疑', '剧情', '中国', '社会', '电影', '2019', '华语电影', '苗苗']",['2020-06-21(中国大陆)'],['汉语普通话'],['120分钟'],"['剧情', '悬疑', '音乐']","['中国大陆', '美国']",华哥含辛茹苦将王珺养大，为支持女儿的梦想，不惜身兼数份兼职，终于积劳成疾。随着他的病情渐重，一段关于王珺身世的谜团也渐渐浮现。王珺不得不面对痛苦的真相。最终，她用无与伦比的琴声完成了华哥内心的救赎。,['June'],"['1041390', '1366978', '1316060', '1407738', '1407738']","['郭富城', '苗苗', '吴建飞']","['1041390', '1366978', '1316060', '1407738', '1407738']",['王暘'],"['1041390', '1366978', '1316060', '1407738', '1407738']",['王暘']
26986136,2020,黑色假面,25,5095,58,"['黑泽明', '悬疑', '黑色假面', '电影', '未上映', '日本', '中国电影', '中国', '中国大陆', '大陆']",['2020-10-01(中国大陆)'],['汉语普通话'],[],"['剧情', '悬疑']",['中国大陆'],改编自黑泽明遗作剧本的《黑色假面》将于2020年国庆上映。,['THE MASK OF THE BLACK DEATH'],['1054529'],[],['1054529'],[],['1054529'],['黑泽明']
